{
  "final_train_loss": 3.7144187332067093,
  "final_val_loss": 3.9228119764521425,
  "best_bleu": 0.021935726963651803,
  "best_rouge": 0.16313695093666322,
  "best_chrf": 0.22270465657093347,
  "best_perplexity": 50.54236909235502,
  "total_epochs": 10,
  "all_bleu_scores": [
    0.010579068490154591,
    0.017207674704623654,
    0.017191546620549673,
    0.014417423165489558,
    0.01833992989884452,
    0.01924211101660604,
    0.011760560035875106,
    0.019837531073181185,
    0.019833881300850037,
    0.021935726963651803
  ],
  "all_rouge_scores": [
    0.1294482812398595,
    0.15097030042485823,
    0.15517154759206164,
    0.14541870205767454,
    0.15642176803377225,
    0.1599455425774229,
    0.14476583161606857,
    0.16461059282770676,
    0.16162566832212816,
    0.16313695093666322
  ],
  "all_chrf_scores": [
    0.19485410249211516,
    0.2099587491478757,
    0.2121250507449693,
    0.20920639961348755,
    0.2138141239994397,
    0.21490775965135922,
    0.20379380398115596,
    0.2143928446631866,
    0.22132419261206096,
    0.22270465657093347
  ],
  "all_perplexities": [
    76.92800014754025,
    65.84086967139483,
    60.205145183767456,
    56.79346466664389,
    54.70943274500615,
    52.92437137796543,
    52.18115276331566,
    51.41613196231228,
    50.82623679933636,
    50.54236909235502
  ]
}